order_id,movie_name,running_time
1,명량,128
2,극한직업,111
3,신과함께-죄와 벌,139
4,국제시장,126
5,어벤져스: 엔드게임,181
6,겨울왕국 2,103
7,아바타,192
8,베테랑,123
9,괴물,127
10,도둑들,135
11,7번방의 선물,127
12,암살,139
13,알라딘,128
14,"광해, 왕이 된 남자",131
15,왕의 남자,119
16,신과함께-인과 연,141
17,택시운전사,137
18,태극기 휘날리며,145
19,부산행,116
20,해운대,120
21,변호인,127
22,어벤져스: 인피니티 워,149
23,실미도,135
24,어벤져스: 에이지 오브 울트론,141
25,기생충,131
26,인터스텔라,169
27,보헤미안 랩소디,134
28,검사외전,126
29,엑시트,103
30,관상,139
31,아이언맨 3,129
32,설국열차,125
33,캡틴 아메리카: 시빌 워,147
34,수상한 그녀,124
35,해적: 바다로 간 산적,130
36,국가대표,126
37,백두산,128
38,과속스캔들,108
39,스파이더맨: 파 프롬 홈,129
40,웰컴 투 동막골,133
41,트랜스포머 3,152
42,히말라야,124
43,미션임파서블:고스트프로토콜,132
44,트랜스포머: 패자의 역습,149
45,밀정,140
46,최종병기 활,122
47,트랜스포머,127
48,써니,124
49,화려한 휴가,125
50,스파이더맨: 홈 커밍,148
51,베를린,120
52,마스터,143
53,터널,126
54,어벤져스,181
55,내부자들,130
56,인천상륙작전,110
57,럭키,112
58,은밀하게 위대하게,123
59,곡성,156
60,범죄도시,105
61,"좋은 놈, 나쁜 놈, 이상한 놈",139
62,늑대소년,125
63,미녀는 괴로워,120
64,군함도,132
65,다크 나이트 라이즈,164
66,아저씨,119
67,사도,125
68,전우치,136
69,미션 임파서블: 로그네이션,131
70,킹스맨 : 시크릿 에이전트,128
71,투사부일체,124
72,연평해전,130
73,반지의 제왕 : 왕의 귀환,263
74,인셉션,147
75,레미제라블,158
76,캡틴 마블,105
77,미션 임파서블 3,124
78,쥬라기 월드: 폴른 킹덤,127
79,청년경찰,109
80,숨바꼭질,107
81,덕혜옹주,127
82,더 테러 라이브,98
83,쥬라기 월드,147
84,의형제,116
85,감시자들,119
86,2012,157
87,앤트맨과 와스프,124
88,닥터 스트레인지,126
89,검은 사제들,88
90,안시성,135
91,블랙 팬서,161
92,더 킹,134
93,완득이,107
94,트랜스포머: 사라진 시대,164
95,완벽한 타인,115
96,조커,123
97,월드 워 Z,115
98,타워,121
99,말아톤,115
100,미녀와 야수,129
101,추격자,123
102,공작,137
103,킹스맨: 골든 서클,141
104,스파이더맨 3,139
105,바람과 함께 사라지다,121
106,토르: 라그나로크,130
107,어메이징 스파이더맨,142
108,"님아, 그 강을 건너지 마오",86
109,조선명탐정 : 각시투구꽃의 비밀,115
110,봉오동 전투,135
111,군도: 민란의 시대,137
112,남산의 부장들,114
113,라이온 킹,89
114,범죄와의 전쟁: 나쁜놈들 전성시대,133
115,주토피아,108
116,엣지 오브 투모로우,113
117,신세계,134
118,쿵푸 팬더,95
119,신비한 동물사전,142
120,도가니,125
121,박물관이 살아있다!,108
122,내 아내의 모든 것,121
123,나쁜 녀석들: 더 무비,114
124,판도라,136
125,터미네이터 : 미래전쟁의 시작,115
126,맘마미아!,114
127,연가시,109
128,아이언맨 2,125
129,강철비,142
130,해리포터와 죽음의 성물2,131
131,다만 악에서 구하소서,108
132,엑스맨: 데이즈 오브 퓨처 패스트,134
133,강철중: 공공의 적 1-1,127
134,아가씨,144
135,킹콩,186
136,어메이징 스파이더맨 2,142
137,용의자,137
138,건축학개론,118
139,태풍,124
140,미이라 3:황제의 무덤,111
141,7급 공무원,112
142,다크 나이트,미국
143,우리 생애 최고의 순간,124
144,꾼,117
145,혹성탈출: 반격의 서막,130
146,타짜-신의 손,147
147,쿵푸팬더3,95
148,캡틴 아메리카: 윈터 솔져,136
149,공공의 적 2,148
150,박수건달,127
151,베놈,107
152,한반도,147
153,조선명탐정 : 사라진 놉의 딸,125
154,역린,135
155,매드 맥스: 노의 도로,120
156,남한산성,139
157,반도,116
158,데드풀 2,117
159,쌍화점,133
160,암수살인,110
161,국가부도의 날,114
162,신기전,134
163,미이라,110
164,82년생 김지영,118
165,노의 질주: 더 익스트림,136
166,친절한 금자씨,112
167,너의 이름은.,106
168,해리 포터와 불의 잔,156
169,인턴,121
170,라라랜드,127
171,리얼 스틸,127
172,신의 한 수,118
173,코코,104
174,해리 포터와 불사조 기사단,137
175,가문의 부활 - 가문의 영광3,128
176,부러진 화살,100
177,끝까지 간다,111
178,아일랜드,136
179,비긴 어게인,104
180,스파이,120
181,그것만이 내 세상,120
182,이끼,163
183,토이 스토리 4,100
184,돈,115
185,포화속으로,120
186,어바웃 타임,123
187,악인전,110
188,다빈치 코드,121
189,슈퍼배드 3,90
190,데드풀,116
191,시동,102
192,슈렉2,92
193,아이 캔 스피크,119
194,스타워즈: 깨어난 포스,135
195,노의 질주: 더 세븐,138
196,그래비티,90
197,우주전쟁,93
198,어린 신부,115
199,탐정: 리턴즈,116
200,우리들의 행복한 시간,120
201,감기,121
202,말죽거리 잔혹사,116
203,나우 유 씨 미 2,129
204,마파도,105
205,하모니,115
206,거북이 달린다,117
207,너는 내 운명,121
208,캐리비안의 해적: 죽은 자는 말이 없다,129
209,스물,115
210,토르: 다크 월드,112
211,식객,113
212,방자전,124
213,인크레더블 2,125
214,하울의 움직이는 성,119
215,투모로우,123
216,레드: 더 레전드,115
217,해리 포터와 혼혈 왕자,153
218,오싹한 연애,114
219,드래곤 길들이기 2,101
220,형,110
221,친구 2,124
222,26년,135
223,워낭소리,75
224,서치,101
225,고지전,133
226,엑스맨: 아포칼립스,143
227,프리즌,125
228,300,90
229,솔트,99
230,헬로우 고스트,111
231,귀신이 산다,123
232,원티드,110
233,극비수사,108
234,슈렉3,92
235,표적,98
236,호빗: 다섯 군대 전투,144
237,너의 결혼식,110
238,호빗: 뜻밖의 여정,169
239,말모이,135
240,메이즈 러너,143
241,빅 히어로,108
242,덩케르크,106
243,혹성탈출: 진화의 시작,106
244,부당거래,119
245,메이즈 러너: 스코치 트라이얼,132
246,가디언즈 오브 갤럭시 VOL. 2,136
247,시라노; 연애조작단,117
248,핸콕,92
249,내가 살인범이다,119
250,나우 유 씨 미 : 마술사기단,115
251,미스 페레그린과 이상한 아이들의 집,127
252,적벽대전 2 : 최후의 결전,141
253,타이탄,108
254,곤지암,94
255,소원,122
256,살인자의 기억법,118
257,브레이킹 던 part2,115
258,탐정 : 더 비기닝,120
259,미니언즈,87
260,후궁 : 제왕의 첩,122
261,트랜스포머: 최후의 기사,151
262,제이슨 본,123
263,드래곤 길들이기,104
264,지금 만나러 갑니다,131
265,도리를 찾아서,97
266,아수라,132
267,굿모닝 프레지던트,132
268,음란서생,139
269,보안관,115
270,내 머리 속의 지우개,117
271,기술자들,116
272,퍼시픽 림,111
273,내 생애 가장 아름다운 일주일,129
274,엑스맨: 퍼스트 클래스,132
275,정글북,63
276,해리포터와 아즈카반의 죄수,141
277,목격자,111
278,패션 오브 크라이스트,125
279,마이펫의 이중생활,85
280,증인,129
281,조작된 도시,126
282,"나니아 연대기-사자,마녀 그리고 옷장",139
283,박수칠 때 떠나라,115
284,반창꼬,120
285,보스 베이비,46
286,화차,117
287,이웃사람,115
288,광식이 동생 광태,104
289,조선명탐정: 흡혈괴마의 비밀,120
290,재심,119
291,신비한 동물들과 그린델왈드의 범죄,134
292,터미네이터: 다크 페이트,128
293,히트맨,108
294,사바하,122
295,의뢰인,123
296,테이큰,112
297,007 스카이폴,143
298,스파이더맨 2,126
299,가문의 영광4 - 가문의 수난,103
300,블라인드,103
301,박열,129
302,맨발의 기봉이,100
303,바람의 파이터,120
304,작업의 정석,100
305,미인도,91
306,라스트 갓파더,103
307,스파이,120
308,모아나,113
309,테이큰 2,92
310,하녀,106
311,메이즈 러너: 데스 큐어,143
312,맘마미아!2,114
313,호빗: 스마우그의 폐허,161
314,혈의 누,119
315,컨저링,91
316,극락도 살인사건,112
317,이글 아이,117
318,배트맨 대 슈퍼맨: 저스티스의 시작,151
319,레디 플레이어 원,140
320,배틀쉽,94
321,셜록홈즈 : 그림자 게임,128
322,박쥐,133
323,7광구,112
324,어거스트 러쉬,113
325,나는 전설이다,97
326,포세이돈,79
327,셜록 홈즈,128
328,내 여자친구를 소개합니다,123
329,마당을 나온 암탉,93
330,댄서의 순정,110
331,악의 연대기,102
332,강남 1970,135
333,바르게 살자,102
334,늑대의 유혹,113
335,이상한 나라의 앨리스,108
336,맨 오브 스틸,143
337,황해,156
338,원더 우먼,141
339,내 사랑 내 곁에,121
340,신의 한 수: 귀수편,106
341,마이 웨이,137
342,겟 아웃,104
343,범죄의 재구성,116
344,사랑,120
345,세븐 데이즈,125
346,굿바이 싱글,119
347,이클립스,124
348,사생결단,117
349,몽타주,120
350,색즉시공 시즌2,115
351,명당,126
352,논스톱,106
353,내부자들: 디 오리지널,180
354,인투 더 스톰,122
355,청춘만화,116
356,눈에는 눈 이에는 이,101
357,뷰티 인사이드,127
358,본 얼티메이텀,115
359,혹성탈출: 종의 전쟁,140
360,아라한 장풍대작전,114
361,비열한 거리,141
362,봉이 김선달,121
363,노아,139
364,레버넌트: 죽음에서 돌아온 자,156
365,오페라의 유령,143
366,페르시아의 왕자: 시간의 모래,116
367,박물관이 살아있다 2,104
368,천문: 하늘에 묻는다,132
369,테넷,150
370,시실리 2km,109
371,남자가 사랑할 때,120
372,효자동 이발사,116
373,루시,90
374,협상,114
375,뉴 문,130
376,천사와 악마,138
377,애나벨 : 인형의 주인,109
378,가족,95
379,컨저링 2,134
380,터보,95
381,애자,110
382,잠복근무,111
383,그림자 살인,111
384,내안의 그놈,122
385,오늘의 연애,118
386,글러브,144
387,러브 액츄얼리,130
388,라디오 스타,115
389,퍼시 잭슨과 번개 도둑,118
390,해결사,94
391,"색, 계",158
392,연애의 온도,112
393,마약왕,139
394,테이큰 3,112
395,코리아,127
396,노무현입니다,109
397,집으로 가는 길,131
398,악마를 보았다,144
399,바람피기 좋은 날,103
400,콘스탄틴,120
401,뺑반,133
402,흡혈형사 나도열,110
403,나의 PS 파트너,114
404,007 스펙터,148
405,변신,113
406,작전명 발키리,120
407,목포는 항구다,110
408,강철비2: 정상회담,142
409,노의 질주: 더 맥시멈,130
410,아내가 결혼했다,119
411,저스티스 리그,120
412,"아이, 로봇",110
413,벤자민 버튼의 시간은 거꾸로 간다,166
414,수퍼맨 리턴즈,153
415,대호,139
416,걸리버 여행기,87
417,주먹왕 랄프 2: 인터넷 속으로,112
418,거룩한 계보,126
419,이미테이션 게임,114
420,연애의 목적,121
421,제보자,114
422,악마는 프라다를 입는다,109
423,씽,108
424,러브픽션,121
425,스타워즈 에피소드3 - 시스의복수,139
426,킬러의 보디가드,100
427,언터처블: 1%의 우정,112
428,담보,113
429,파파로티,127
430,밀양,141
431,쥬만지: 새로운 세계,118
432,쎄시봉,122
433,님은 먼 곳에,126
434,토르: 천둥의 신,112
435,불꽃처럼 나비처럼,124
436,알포인트,106
437,콩: 스컬 아일랜드,118
438,점퍼,88
439,피끓는 청춘,121
440,23 아이덴티티,117
441,알렉산더,175
442,PMC: 더 벙커,124
443,마다가스카의 펭귄,92
444,그대를 사랑합니다,118
445,반 헬싱,131
446,걸캅스,107
447,블랙 스완,84
448,노의 질주: 언리미티드,130
449,마다가스카,94
450,권순여사 납치사건,118
451,무방비도시,112
452,우아한 거짓말,117
453,하울링,114
454,두근두근 내 인생,117
455,복면달호,114
456,사자,129
457,닥터 두리틀,85
458,스타트렉 다크니스,132
459,창궐,121
460,로빈 후드,140
461,더 폰,114
462,300: 제국의 부활,102
463,간 큰 가족,102
464,라이프 오브 파이,127
465,지구가 멈추는 날,106
466,적벽대전:거대한 전쟁의 시작,132
467,무적자,124
468,삼진그룹 영어토익반,110
469,원스어폰어타임,110
470,위플래쉬,106
471,야수와 미녀,101
472,마파도2,129
473,용의자X,소설
474,도어락,102
475,해바라기,116
476,유감스러운 도시,121
477,작전,119
478,S 다이어리,104
479,중천,102
480,정직한 후보,107
481,도굴,114
482,벼랑 위의 포뇨,100
483,오블리비언,124
484,내사랑 싸가지,95
485,엑소더스: 신들과 왕들,154
486,퍼펙트 게임,127
487,드래곤 길들이기 3,104
488,리틀 포레스트,103
489,인디펜던스 데이 : 리써전스,120
490,B형 남자친구,96
491,토이 스토리 3,102
492,킹덤 오브 헤븐,144
493,차이나타운,110
494,스윙키즈,133
495,부라더,102
496,홀리데이,120
497,각설탕,124
498,위대한 개츠비,142
499,인간중독,132
500,나의 특별한 형제,114
501,다이하드: 굿 데이 투 다이,96
502,주홍글씨,98
503,탐정 홍길동: 사라진 마을,125
504,런닝맨,73
505,연인,115
506,검은 집,102
507,구르믈 버서난 달처럼,111
508,허브,113
509,위대한 쇼맨,104
510,예스맨,104
511,벤허,123
512,말레피센트,119
513,라스트 에어벤더,103
514,골든슬럼버,108
515,오션스 써틴,121
516,해피 데스데이,83
517,폼페이: 최후의 날,104
518,브이아이피,128
519,찰리와 초콜릿 공장,114
520,홍신,103
521,퓨리,134
522,포드 V 페라리,152
523,차형사,110
524,은교,129
525,닌자 어쌔신,98
526,궁합,110
527,터미널,128
528,오션스8,110
529,미스터 고,132
530,굿 다이노,101
531,드라큘라: 전설의 시작,92
532,청담보살,119
533,사라진 밤,101
534,싸움의 기술,95
535,가디언즈 오브 갤럭시,150
536,간첩,115
537,월드 인베이젼,116
538,영화는 영화다,112
539,에이리언: 커버넌트,122
540,못말리는 결혼,115
541,엑스맨 탄생: 울버린,107
542,로맨틱 홀리데이,135
543,셜록: 유령신부,115
544,킹콩을 들다,120
545,소스 코드,93
546,"달마야, 서울 가자",101
547,달콤한 인생,120
548,황진이,141
549,이장과 군수,113
550,즐거운 인생,112
551,라스트 사무라이,153
552,미스터 소크라테스,109
553,간기남,117
554,신부수업,110
555,꿀벌대소동,88
556,행복,124
557,나비효과,113
558,육혈포 강도단,107
559,천군,106
560,메리다와 마법의 숲,102
561,특별수사: 사형수의 편지,120
562,찌라시: 위험한 소문,121
563,토탈 리콜,118
564,해치지않아,117
565,레지던트 이블 4: 끝나지 않은 전쟁 3D,96
566,엘리시움,109
567,악녀,123
568,그녀를 믿지 마세요,115
569,형사 Duelist,111
570,몬스터 하우스,85
571,R2B: 리턴투베이스,113
572,해빙,117
573,더 웹툰: 예고살인,104
574,짝패,92
575,파송송 계란탁,120
576,몽정기2,101
577,바람 바람 바람,100
578,나니아 연대기: 새벽 출정호의 항해,112
579,"힘을 내요, 미스터 리",111
580,여선생 VS 여제자,109
581,서양 골동 양과자점 앤티크,109
582,웜 바디스,96
583,"당신, 거기 있어줄래요",111
584,동주,110
585,연애술사,109
586,워크래프트: 전쟁의 서막,122
587,장수상회,112
588,가문의 영광5 - 가문의 귀환,104
589,슬로우 비디오,106
590,항거:유관순 이야기,105
591,스타트렉 비욘드,122
592,인크레더블,125
593,미씽: 사라진 여자,100
594,잃어버린 세계를 찾아서 2: 신비의 섬,94
595,퍼펙트맨,116
596,장사리 : 잊혀진 영웅들,104
597,"10,000 BC",109
598,고령화 가족,112
599,김종욱 찾기,112
600,하루,90
601,헝거게임: 캣칭 파이어,146
602,챔피언,107
603,슬럼독 밀리어네어,120
604,성난 변호사,117
605,6년째 연애중,112
606,마이펫의 이중생활 2,85
607,스타 트렉: 더 비기닝,126
608,라이트 아웃,81
609,회사원,96
610,간신,131
611,령,98
612,그 여자 작사 그 남자 작곡,103
613,박물관이 살아있다 : 비밀의 무덤,98
614,베스트셀러,117
615,007 카지노 로얄,145
616,마루 밑 아리에티,94
617,내 남자의 로맨스,112
618,퍼시픽 림: 업라이징,111
619,가디언즈,150
620,섹스 앤 더 시티,143
621,몬스터 호텔 3,97
622,블레이드 3,112
623,오빠생각,124
624,새드무비,108
625,노잉,121
626,"날, 보러와요",91
627,남극일기,114
628,쥬만지: 넥스트 레벨,122
629,빨간모자의 진실,80
630,라따뚜이,115
631,업,101
632,그놈이다,109
633,슈퍼 배드,90
634,마음이...,92
635,점박이:한반도의 공룡3D,90
636,이프 온리,96
637,지오스톰,109
638,오직 그대만,105
639,개구쟁이 스머프,89
640,우아한 세계,112
641,김관장 대 김관장 대 김관장,103
642,데이지,110
643,에라곤,103
644,로그 원: 스타워즈 스토리,133
645,야수,124
646,밴티지 포인트,90
647,더 넌,109
648,셔터 아일랜드,138
649,존 윅 3: 파라벨룸,131
650,스카이스크래퍼,102
651,신사바,102
