order_id,movie_name,lead_role_names
1,명량,"['최민식', '류승룡', '조진웅']"
2,극한직업,"['류승룡', '이하늬', '진선규', '이동휘', '공명']"
3,신과함께-죄와 벌,"['하정우', '차태현', '주지훈', '김향기', '김동욱', '마동석']"
4,국제시장,"['황정민', '김윤진', '오달수', '정진영']"
5,어벤져스: 엔드게임,"['로버트 다우니 주니어', '크리스 에반스', '크리스 헴스워스', '마크 러팔로', '스칼릿 조핸슨', '제레미 레너', '폴 러드', '돈 치들', '브리 라슨', '카렌 길런', '브래들리 쿠퍼', '조슈 브롤린']"
6,겨울왕국 2,"['크리스틴 벨', '이디나 멘젤']"
7,아바타,"['조 샐다나', '샘 워싱턴', '시고니 위버', '우나 채플린', '지오바니 리비시', '스티븐 랭', '케이트 윈슬렛']"
8,베테랑,"['황정민', '유아인', '유해진', '오달수']"
9,도둑들,"['김윤석', '김혜수', '이정재', '전지현', '임달화', '김해숙', '오달수', '김수현', '이신제', '증국상']"
10,7번방의 선물,"['류승룡', '박신혜', '갈소원', '오달수', '박원상', '김정태', '정만식', '김기천']"
11,암살,"['전지현', '이정재', '하정우']"
12,알라딘,"['메나 마수드', '윌 스미스', '나오미 스콧']"
13,"광해, 왕이 된 남자","['이병헌', '류승룡', '한효주']"
14,왕의 남자,"['감우성', '정진영', '강성연', '이준기']"
15,신과함께-인과 연,"['하정우', '주지훈', '김향기', '마동석', '김동욱']"
16,택시운전사,"['송강호', '토마스 크레취만', '유해진', '류준열']"
17,태극기 휘날리며,"['장동건', '원빈', '이은주']"
18,부산행,"['공유', '정유미', '마동석', '김수안', '김의성', '최우식', '안소희']"
19,해운대,"['설경구', '하지원', '박중훈', '엄정화']"
20,변호인,"['송강호', '김영애', '오달수', '곽도원', '임시완']"
21,어벤져스: 인피니티 워,"['로버트 다우니 주니어', '조슈 브롤린', '크리스 헴스워스', '베네딕트 컴버배치', '크리스 프랫', '마크 러팔로', '톰 홀랜드', '채드윅 보스만', '크리스 에반스', '스칼릿 조핸슨', '엘리자베스 올슨', '폴 베타니', '조 샐다나', '안소니 마키', '톰 히들스턴']"
22,실미도,"['설경구', '안성기', '허준호', '정재영']"
23,어벤져스: 에이지 오브 울트론,"['로버트 다우니 주니어', '크리스 헴스워스', '마크 러팔로', '크리스 에반스', '스칼릿 조핸슨', '제레미 레너', '돈 치들', '제임스 스페이더', '사무엘 L. 잭슨']"
24,기생충,"['송강호', '이선균', '조여정', '최우식', '박소담', '이정은', '장혜진']"
25,겨울왕국,"['조나단 그로프', '크리스틴 벨', '조시 게드', '이디나 멘젤']"
26,인터스텔라,"['매튜 맥커너히', '앤 해서웨이', '마이클 케인', '제시카 차스테인']"
27,보헤미안 랩소디,"['라미 말렉', '루시 보인턴', '귈림 리', '벤 하디', '조셉 마젤로']"
28,검사외전,"['황정민', '강동원']"
29,엑시트,"['조정석', '윤아']"
30,관상,"['송강호', '이정재', '백윤식', '조정석', '이종석', '김혜수']"
31,아이언맨 3,"['로버트 다우니 주니어', '기네스 팰트로', '벤 킹슬리', '돈 치들', '가이 피어스', '레베카 홀']"
32,설국열차,"['크리스 에반스', '송강호', '에드 해리스', '존 허트', '틸다 스윈튼', '제이미 벨', '옥타비아 스펜서', '이완 브렘너', '알리슨 필', '고아성']"
33,캡틴 아메리카: 시빌 워,"['크리스 에반스', '로버트 다우니 주니어', '스칼릿 조핸슨']"
34,수상한 그녀,"['심은경', '나문희', '박인환', '성동일', '이진욱']"
35,해적: 바다로 간 산적,"['김남길', '손예진']"
36,국가대표,"['하정우', '성동일', '김지석', '김동욱', '최재환', '이재응', '이은성']"
37,디워,[]
38,백두산,"['이병헌', '하정우', '마동석', '전혜진', '수지']"
39,과속스캔들,"['차태현', '박보영', '왕석현']"
40,스파이더맨: 파 프롬 홈,"['톰 홀랜드', '사무엘 L. 잭슨', '젠데이아 콜먼']"
41,웰컴 투 동막골,"['정재영', '신하균', '강혜정']"
42,공조,"['현빈', '유해진', '윤아', '다니엘 헤니', '진선규']"
43,트랜스포머 3,"['샤이아 라보프', '로지 헌팅턴 휘틀리', '조쉬 더하멜', '휴고 위빙', '패트릭 뎀시', '레너드 니모이', '타이레스', '존 말코비치', '켄 정', '프란시스 맥도맨드', '존 터투로']"
44,히말라야,"['황정민', '정우']"
45,미션임파서블:고스트프로토콜,"['톰 크루즈', '제레미 레너']"
46,트랜스포머: 패자의 역습,"['샤이아 라보프', '메간 폭스', '휴고 위빙', '조쉬 더하멜', '존 터투로']"
47,밀정,"['송강호', '공유']"
48,최종병기 활,"['박해일', '류승룡', '김무열', '문채원']"
49,트랜스포머,"['안소니 라모스', '도미닉 피시백', '피터 딘클리지', '양자경', '토베 엔위그위', '피터 쿨렌', '론 펄먼']"
50,써니,"['유호정', '심은경', '강소라', '고수희', '김민영', '홍진희', '박진주', '이연경', '남보라', '김보미', '민효린']"
51,화려한 휴가,"['김상경', '안성기', '이요원', '이준기']"
52,스파이더맨: 홈 커밍,"['톰 홀랜드', '마이클 키튼']"
53,1987,"['김윤석', '하정우', '유해진', '김태리', '박희순', '이희준']"
54,베를린,"['하정우', '한석규', '류승범', '전지현', '이경영']"
55,마스터,"['이병헌', '강동원', '김우빈', '엄지원', '오달수', '진경']"
56,터널,"['하정우', '배두나', '오달수']"
57,어벤져스,"['로버트 다우니 주니어', '스칼릿 조핸슨', '크리스 헴스워스', '크리스 에반스', '마크 러팔로', '제레미 레너', '사무엘 L. 잭슨', '톰 히들스턴']"
58,내부자들,"['이병헌', '조승우', '백윤식']"
59,인천상륙작전,"['이정재', '이범수', '리암 니슨', '진세연']"
60,럭키,"['유해진', '이준', '조윤희', '임지연']"
61,은밀하게 위대하게,"['김수현', '박기웅', '이현우', '손현주']"
62,곡성,"['곽도원', '황정민', '쿠니무라 준', '천우희', '김환희']"
63,범죄도시,"['마동석', '이준혁', '아오키 무네타카']"
64,타짜,"['박정민', '류승범', '최유화']"
65,"좋은 놈, 나쁜 놈, 이상한 놈","['송강호', '이병헌', '정우성']"
66,늑대소년,"['송중기', '박보영']"
67,미녀는 괴로워,"['주진모', '김아중']"
68,군함도,"['황정민', '소지섭', '송중기', '이정현', '김수안']"
69,미션 임파서블: 폴아웃,"['톰 크루즈', '헨리 카빌', '사이먼 페그', '레베카 퍼거슨']"
70,다크 나이트 라이즈,"['크리스찬 베일', '마이클 케인', '게리 올드만', '앤 해서웨이', '톰 하디', '마리옹 꼬띠아르', '조셉 고든 레빗', '모건 프리먼']"
71,아저씨,"['원빈', '김새론']"
72,사도,"['송강호', '유아인', '문근영']"
73,전우치,"['강동원', '김윤석', '임수정', '유해진']"
74,미션 임파서블: 로그네이션,"['톰 크루즈', '제레미 레너', '사이먼 페그', '알렉 볼드윈', '레베카 퍼거슨']"
75,킹스맨 : 시크릿 에이전트,"['콜린 퍼스', '태런 에저튼', '사무엘 L. 잭슨']"
76,투사부일체,"['정준호', '김상중', '정웅인', '정운택']"
77,연평해전,"['김무열', '진구', '이현우']"
78,반지의 제왕 : 왕의 귀환,"['일라이저 우드', '숀 애스틴', '앤디 서키스', '이안 맥켈런', '리브 타일러', '비고 모텐슨', '올랜도 블룸', '존 라이스 데이비스', '빌리 보이드', '도미닉 모나한', '버나드 힐', '미란다 오토']"
79,인셉션,[]
80,레미제라블,"['휴 잭맨', '앤 해서웨이', '러셀 크로우', '아만다 사이프리드', '헬레나 본햄 카터', '사샤 바론 코헨']"
81,캡틴 마블,"['브리 라슨', '테요나 패리스', '이만 벨라니', '자웨 애쉬튼', '사무엘 L. 잭슨', '박서준']"
82,미션 임파서블 3,['톰 크루즈']
83,쥬라기 월드: 폴른 킹덤,"['크리스 프랫', '브라이스 달라스 하워드']"
84,청년경찰,"['박서준', '강하늘']"
85,가문의 위기(가문의 영광2),[]
86,숨바꼭질,"['손현주', '문정희', '전미선']"
87,덕혜옹주,"['손예진', '박해일']"
88,더 테러 라이브,"['카르틱 아르얀', '므리날 타쿠르']"
89,쥬라기 월드,"['크리스 프랫', '브라이스 달라스 하워드']"
90,의형제,"['송강호', '강동원']"
91,감시자들,"['설경구', '정우성', '한효주']"
92,2012,"['존 쿠삭', '아만다 피트', '치웨텔 에지오포', '탠디 뉴튼', '올리버 플랫']"
93,앤트맨과 와스프,"['폴 러드', '에반젤린 릴리', '조나단 메이저스', '캐서린 뉴튼', '미셸 파이퍼', '마이클 더글라스']"
94,닥터 스트레인지,"['베네딕트 컴버배치', '엘리자베스 올슨']"
95,안시성,"['조인성', '남주혁', '박성웅']"
96,블랙 팬서,"['레티티아 라이트', '다나이 구리라', '루피타 뇽', '테노치 우에르타 메히아']"
97,더 킹,"['조인성', '정우성', '배성우', '김아중', '류준열']"
98,완득이,"['김윤석', '유아인']"
99,트랜스포머: 사라진 시대,"['마크 월버그', '니콜라 펠츠', '잭 레이너', '스탠리 투치', '리빙빙']"
100,완벽한 타인,"['유해진', '조진웅', '이서진', '염정아', '김지수', '송하윤', '윤경호']"
101,조커,['호아킨 피닉스']
102,월드 워 Z,"['브래드 피트', '미레유 에노스']"
103,타워,"['설경구', '손예진', '김상경']"
104,말아톤,"['조승우', '김미숙']"
105,미녀와 야수,"['엠마 왓슨', '댄 스티븐스', '루크 에반스']"
106,추격자,"['김윤석', '하정우']"
107,독전,"['조진웅', '차승원', '한효주', '오승훈', '김동영', '이주영']"
108,쿵푸팬더 2,"['잭 블랙', '더스틴 호프만', '성룡', '안젤리나 졸리', '세스 로건', '루시 리우', '데이빗 크로스', '제임스 홍', '양자경', '장 끌로드 반담', '빅터 가버', '게리 올드만', '데니스 헤이스버트']"
109,아쿠아맨,"['제이슨 모모아', '패트릭 윌슨', '앰버 허드']"
110,공작,"['황정민', '이성민', '조진웅', '주지훈']"
111,인사이드 아웃,[]
112,캐리비안의 해적: 세상의 끝에서,"['조니 뎁', '올랜도 블룸', '키이라 나이틀리', '스텔란 스카스가드', '빌 나이', '주윤발', '제프리 러쉬']"
113,킹스맨: 골든 서클,"['콜린 퍼스', '줄리안 무어', '태런 에저튼']"
114,스파이더맨 3,"['토비 맥과이어', '커스틴 던스트', '제임스 프랭코', '토마스 헤이든 처치', '토퍼 그레이스', '브라이스 달라스 하워드', '로즈마리 해리스', 'J.K. 시몬스', '제임스 크롬웰']"
115,바람과 함께 사라지다,"['차태현', '오지호', '민효린', '성동일', '신정근', '고창석']"
116,마션,"['맷 데이먼', '제시카 차스테인', '세바스찬 스탠', '제프 다니엘스', '케이트 마라', '크리스틴 위그']"
117,토르: 라그나로크,"['크리스 헴스워스', '마크 러팔로', '톰 히들스턴', '케이트 블란쳇']"
118,어메이징 스파이더맨,"['앤드류 가필드', '엠마 스톤', '리스 이판', '마틴 쉰', '샐리 필드']"
119,"님아, 그 강을 건너지 마오","['조병만', '강계열']"
120,조선명탐정 : 각시투구꽃의 비밀,"['김명민', '오달수', '한지민']"
121,봉오동 전투,"['유해진', '류준열', '조우진']"
122,군도: 민란의 시대,"['하정우', '강동원']"
123,남산의 부장들,"['이병헌', '이성민', '곽도원', '이희준', '김소진']"
124,라이온 킹,"['도날드 글로버', '비욘세', '제임스 얼 존스', '치웨텔 에지오포', '세스 로건', '빌리 아이크너', '알프리 우다드']"
125,범죄와의 전쟁: 나쁜놈들 전성시대,"['최민식', '하정우']"
126,주토피아,"['지니퍼 굿윈', '제이슨 베이트먼', '샤키라', '이드리스 엘바', '알란 터딕', 'J.K. 시몬스']"
127,엣지 오브 투모로우,"['톰 크루즈', '에밀리 블런트', '빌 팩스톤']"
128,신세계,"['이정재', '최민식', '황정민']"
129,쿵푸 팬더,"['잭 블랙', '안젤리나 졸리', '더스틴 호프만', '성룡', '세스 로건', '루시 리우', '데이빗 크로스', 'J.K. 시몬스', '케이트 허드슨', '제임스 홍', '브라이언 크랜스톤']"
130,신비한 동물사전,"['에디 레드메인', '주드 로', '매즈 미켈슨', '댄 포글러', '앨리슨 수돌', '에즈라 밀러', '칼럼 터너', '제시카 윌리엄스', '빅토리아 예이츠', '윌리엄 나딜람', '리처드 코일']"
131,도가니,"['공유', '정유미']"
132,캐리비안의 해적 : 망자의 함,"['조니 뎁', '올랜도 블룸', '키이라 나이틀리']"
133,박물관이 살아있다!,[]
134,내 아내의 모든 것,"['임수정', '이선균', '류승룡']"
135,나쁜 녀석들: 더 무비,"['마동석', '김상중', '김아중', '장기용']"
136,판도라,"['김남길', '김주현', '정진영', '김영애', '문정희', '김대명']"
137,터미네이터 : 미래전쟁의 시작,"['크리스찬 베일', '샘 워싱턴', '안톤 옐친', '문 블러드굿']"
138,맘마미아!,"['아만다 사이프리드', '릴리 제임스', '메릴 스트립', '피어스 브로스넌', '제레미 어바인', '콜린 퍼스', '휴 스키너', '스텔란 스카스가드', '조쉬 딜란']"
139,연가시,"['김명민', '문정희', '김동완', '이하늬']"
140,아이언맨 2,"['로버트 다우니 주니어', '기네스 팰트로', '돈 치들', '스칼릿 조핸슨', '미키 루크']"
141,강철비,"['정우성', '곽도원', '유연석', '앵거스 맥페이든']"
142,해리포터와 죽음의 성물2,"['다니엘 래드클리프', '엠마 왓슨', '루퍼트 그린트']"
143,다만 악에서 구하소서,"['황정민', '이정재', '박정민', '박소이']"
144,아이언맨,"['로버트 다우니 주니어', '테렌스 하워드', '제프 브리지스', '기네스 팰트로']"
145,엑스맨: 데이즈 오브 퓨처 패스트,"['휴 잭맨', '제임스 맥어보이', '마이클 패스벤더', '제니퍼 로렌스']"
146,강철중: 공공의 적 1-1,"['설경구', '정재영']"
147,아가씨,"['김민희', '김태리', '하정우', '조진웅']"
148,킹콩,"['나오미 왓츠', '잭 블랙', '애드리언 브로디']"
149,어메이징 스파이더맨 2,"['앤드류 가필드', '엠마 스톤']"
150,인디아나 존스 4 : 크리스탈 해골의 왕국,"['해리슨 포드', '케이트 블란쳇', '카렌 알렌', '샤이아 라보프', '레이 윈스턴']"
151,용의자,"['공유', '박희순', '조성하', '유다인', '김성균', '조재윤']"
152,건축학개론,"['엄태웅', '한가인', '이제훈', '수지']"
153,태풍,"['장동건', '이정재', '이미연', '김갑수']"
154,미이라 3:황제의 무덤,"['브렌든 프레이저', '이연걸', '마리아 벨로', '존 한나', '양자경', '루크 포드', '이사벨라 롱']"
155,7급 공무원,"['김하늘', '강지환']"
156,다크 나이트,"['크리스찬 베일', '히스 레저', '아론 에크하트']"
157,댄싱퀸,[]
158,우리 생애 최고의 순간,"['문소리', '김정은', '엄태웅', '김지영', '조은지', '차민지']"
159,꾼,"['현빈', '유지태', '배성우', '박성웅', '나나', '안세하']"
160,혹성탈출: 반격의 서막,"['앤디 서키스', '게리 올드만', '제이슨 클락', '주디 그리어', '케리 러셀']"
161,타짜-신의 손,"['T.O.P', '신세경', '곽도원', '이하늬']"
162,쿵푸팬더3,"['잭 블랙', '안젤리나 졸리', '더스틴 호프만', '성룡', '세스 로건', '루시 리우', '데이빗 크로스', 'J.K. 시몬스', '케이트 허드슨', '제임스 홍', '브라이언 크랜스톤']"
163,캡틴 아메리카: 윈터 솔져,"['크리스 에반스', '스칼릿 조핸슨', '사무엘 L. 잭슨']"
164,공공의 적 2,"['설경구', '정준호']"
165,박수건달,"['박신양', '김정태', '엄지원', '정혜영']"
166,베놈,"['톰 하디', '미셸 윌리엄스']"
167,한반도,"['조재현', '차인표', '안성기', '문성근', '강신일']"
168,조선명탐정 : 사라진 놉의 딸,"['김명민', '오달수', '이연희']"
169,트로이,"['브래드 피트', '에릭 바나', '올랜도 블룸', '다이앤 크루거', '브라이언 콕스', '숀 빈', '브렌단 글리슨', '세프론 버로우스']"
170,역린,"['현빈', '정재영', '조정석', '조재현', '한지민']"
171,매드 맥스: 분노의 도로,"['톰 하디', '샤를리즈 테론', '니콜라스 홀트']"
172,남한산성,"['이병헌', '김윤석', '박해일', '고수', '박희순']"
173,반도,"['강동원', '이정현']"
174,데드풀 2,"['라이언 레이놀즈', '조슈 브롤린', '재지 비츠', '모레나 바카린']"
175,쌍화점,['조걸']
176,암수살인,"['김윤석', '주지훈']"
177,국가부도의 날,"['김혜수', '유아인', '허준호', '조우진', '뱅상 카셀']"
178,신기전,"['정재영', '한은정', '허준호']"
179,미이라,"['톰 크루즈', '소피아 부텔라', '애나벨 월리스']"
180,82년생 김지영,"['정유미', '공유']"
181,분노의 질주: 홉스&쇼,[]
182,분노의 질주: 더 익스트림,"['빈 디젤', '드웨인 존슨', '샤를리즈 테론', '제이슨 스타뎀']"
183,친절한 금자씨,"['이영애', '최민식']"
184,너의 이름은.,"['카미키 류노스케', '카미시라이시 모네']"
185,해리 포터와 불의 잔,"['다니엘 래드클리프', '엠마 왓슨', '루퍼트 그린트']"
186,인턴,"['앤 해서웨이', '로버트 드 니로']"
187,라라랜드,"['라이언 고슬링', '엠마 스톤']"
188,귀향,"['제인 폰다', '존 보이트', '브루스 던', '페네로피 밀포드', '로버트 캐러딘', '로버트 진티']"
189,리얼 스틸,"['휴 잭맨', '에반젤린 릴리', '다코타 고요']"
190,신의 한 수,"['정우성', '이범수', '안성기', '김인권', '이시영']"
191,미스터 & 미세스 스미스,[]
192,코코,"['안소니 곤잘레스', '가엘 가르시아 베르날', '벤자민 브랫']"
193,해리 포터와 불사조 기사단,"['다니엘 래드클리프', '엠마 왓슨', '루퍼트 그린트']"
194,가문의 부활 - 가문의 영광3,"['신현준', '탁재훈', '김원희', '김수미']"
195,부러진 화살,"['안성기', '박원상', '나영희', '김지호']"
196,끝까지 간다,"['이선균', '조진웅']"
197,아일랜드,"['이완 맥그리거', '스칼렛 요한슨']"
198,비긴 어게인,"['키이라 나이틀리', '마크 러팔로', '애덤 리바인', '헤일리 스테인펠드']"
199,스파이,"['엘리어트 굴드', '도날드 서덜랜드']"
200,그것만이 내 세상,"['이병헌', '윤여정', '박정민']"
201,이끼,"['정재영', '박해일', '유준상', '유선', '허준호', '유해진', '김상호', '김준배']"
202,토이 스토리 4,"['톰 행크스', '팀 알렌', '애니 파츠', '토니 헤일']"
203,돈,"['류준열', '유지태', '조우진']"
204,포화속으로,"['차승원', '권상우', 'T.O.P', '김승우']"
205,다이 하드 4 : 죽어도 산다,[]
206,맨 인 블랙 3,"['윌 스미스', '토미 리 존스', '조슈 브롤린']"
207,어바웃 타임,"['도널 글리슨', '레이첼 맥아담스']"
208,악인전,"['마동석', '김무열', '김성규']"
209,다빈치 코드,"['톰 행크스', '펠리시티 존스', '벤 포스터', '이르판 칸', '오마 사이']"
210,슈퍼배드 3,"['스티브 카렐', '크리스틴 위그', '트레이 파커']"
211,데드풀,['라이언 레이놀즈']
212,시동,"['마동석', '박정민', '정해인', '염정아', '최성은']"
213,슈렉2,"['마이크 마이어스', '에디 머피', '카메론 디아즈', '줄리 앤드류스', '안토니오 반데라스', '존 클리즈', '루퍼트 에버렛', '제니퍼 사운더즈']"
214,아이 캔 스피크,"['나문희', '이제훈']"
215,스타워즈: 깨어난 포스,"['데이지 리들리', '존 보예가', '오스카 아이삭', '아담 드라이버', '그웬돌린 크리스티', '도널 글리슨', '해리슨 포드', '마크 해밀', '캐리 피셔', '사이먼 페그', '막스 폰 시도우']"
216,분노의 질주: 더 세븐,"['빈 디젤', '폴 워커', '드웨인 존슨', '제이슨 스타뎀', '미셸 로드리게즈']"
217,터미네이터 제니시스,"['아놀드 슈왈제네거', '제이슨 클락', '에밀리아 클라크', '제이 코트니', 'J.K. 시몬스']"
218,그래비티,"['산드라 블록', '조지 클루니']"
219,우주전쟁,['톰 크루즈']
220,마녀,"['킴 딜레이니', '크리스 서랜던']"
221,어린 신부,"['김래원', '문근영']"
222,탐정: 리턴즈,"['권상우', '성동일', '이광수']"
223,그놈 목소리,"['설경구', '김남주']"
224,우리들의 행복한 시간,"['강동원', '이나영']"
225,캐리비안의 해적: 낯선 조류,"['조니 뎁', '제프리 러쉬', '페넬로페 크루즈']"
226,퀵,"['이민기', '강예원', '김인권', '고창석']"
227,감기,"['장혁', '수애', '박민하']"
228,말죽거리 잔혹사,"['권상우', '이정진', '한가인']"
229,나우 유 씨 미 2,"['제시 아이젠버그', '마크 러팔로', '우디 해럴슨', '데이브 프랭코', '리지 캐플란']"
230,마파도,"['이정진', '이문식']"
231,하모니,"['김윤진', '나문희', '강예원', '이다희', '장영남', '박준면', '정수영']"
232,거북이 달린다,"['김윤석', '정경호', '견미리', '선우선']"
233,너는 내 운명,"['전도연', '황정민', '나문희']"
234,캐리비안의 해적: 죽은 자는 말이 없다,"['조니 뎁', '하비에르 바르뎀', '제프리 러쉬', '브렌튼 스웨이츠', '카야 스코델라리오']"
235,스물,"['김우빈', '준호', '강하늘']"
236,토르: 다크 월드,"['크리스 헴스워스', '나탈리 포트만', '톰 히들스턴', '안소니 홉킨스', '크리스토퍼 에클리스턴', '이드리스 엘바']"
237,식객,"['김강우', '임원희', '이하나']"
238,방자전,"['김주혁', '류승범', '조여정']"
239,인크레더블 2,"['크레이그 T. 넬슨', '사무엘 L. 잭슨', '홀리 헌터', '사라 보웰', '헉 밀너']"
240,하울의 움직이는 성,"['바이쇼 치에코', '기무라 타쿠야']"
241,마더,"['미우라 토모카즈', '와타나베 마키코', '후세야 히루']"
242,투모로우,"['데니스 퀘이드', '제이크 질렌할', '이안 홈', '에미 로섬', '셀라 워드', '대쉬 미혹', '케네스 웰쉬']"
243,레드: 더 레전드,"['브루스 윌리스', '이병헌', '캐서린 제타 존스', '안소니 홉킨스', '존 말코비치', '헬렌 미렌', '메리 루이스 파커']"
244,해리 포터와 혼혈 왕자,"['다니엘 래드클리프', '엠마 왓슨', '루퍼트 그린트']"
245,오싹한 연애,"['손예진', '이민기']"
246,드래곤 길들이기 2,[]
247,형,"['조정석', '도경수', '박신혜']"
248,황금 나침반,"['다니엘 크레이그', '니콜 키드먼', '에바 그린', '다코타 블루 리차드']"
249,친구 2,"['유오성', '주진모', '김우빈']"
250,26년,"['진구', '한혜진', '임슬옹']"
251,서치,"['스톰 레이드', '켄 렁', '다니엘 헤니', '니아 롱', '에이미 랜덱커']"
252,고지전,"['신하균', '고수', '이제훈', '류승수', '고창석', '이다윗', '류승룡', '김옥빈', '조진웅', '정인기', '박영서']"
253,엑스맨: 아포칼립스,"['제임스 맥어보이', '마이클 패스벤더', '제니퍼 로렌스', '오스카 아이삭', '니콜라스 홀트']"
254,프리즌,"['한석규', '김래원']"
255,300,"['제라드 버틀러', '레나 헤디']"
256,솔트,['안젤리나 졸리']
257,가장 보통의 연애,"['김래원', '공효진']"
258,헬로우 고스트,"['차태현', '강예원', '이문수', '고창석', '장영남', '천보근']"
259,귀신이 산다,"['차승원', '장서희']"
260,원티드,[]
261,극비수사,"['김윤석', '유해진']"
262,슈렉3,"['마이크 마이어스', '에디 머피', '카메론 디아즈', '안토니오 반데라스']"
263,표적,"['류승룡', '유준상', '이진욱', '김성령', '조여정', '조은지']"
264,앤트맨,"['고츠 오토', '야스미나 필라리 보넨']"
265,호빗: 다섯 군대 전투,"['마틴 프리먼', '이안 맥켈런', '리처드 아미티지']"
266,너의 결혼식,"['박보영', '김영광']"
267,호빗: 뜻밖의 여정,"['이안 맥켈런', '마틴 프리먼', '리처드 아미티지']"
268,말모이,"['유해진', '윤계상']"
269,메이즈 러너,"['딜런 오브라이언', '토마스 생스터', '카야 스코델라리오', '이기홍']"
270,해리 포터와 죽음의 성물1,"['다니엘 래드클리프', '엠마 왓슨', '루퍼트 그린트']"
271,빅 히어로,"['다니엘 헤니', '라이언 포터', '스콧 애짓', '제이미 정', 'T.J. 밀러', '제네시스 로드리게스', '데이몬 웨이언스 주니어', '마야 루돌프', '알란 터딕']"
272,덩케르크,"['핀 화이트헤드', '마크 라이런스', '톰 하디', '해리 스타일스', '아뉴린 바나드', '톰 글린 카니', '잭 로던', '배리 케오간', '케네스 브래너', '킬리언 머피']"
273,혹성탈출: 진화의 시작,"['제임스 프랭코', '프리다 핀토', '앤디 서키스', '브라이언 콕스', '톰 펠튼']"
274,부당거래,"['황정민', '류승범', '유해진', '천호진']"
275,1번가의 기적,"['임창정', '하지원']"
276,메이즈 러너: 스코치 트라이얼,"['딜런 오브라이언', '토마스 생스터', '카야 스코델라리오', '이기홍']"
277,가디언즈 오브 갤럭시 VOL. 2,"['크리스 프랫', '조 샐다나', '데이브 바티스타', '빈 디젤', '브래들리 쿠퍼']"
278,시라노; 연애조작단,"['엄태웅', '이민정', '최다니엘', '박신혜', '박철민', '전역산', '송새벽', '류현경']"
279,핸콕,"['윌 스미스', '샤를리즈 테론', '제이슨 베이트먼', '에디 마산']"
280,내가 살인범이다,[]
281,나우 유 씨 미 : 마술사기단,"['제시 아이젠버그', '마크 러팔로', '우디 해럴슨', '멜라니 로랑']"
282,미스 페레그린과 이상한 아이들의 집,"['에바 그린', '에이사 버터필드', '사무엘 L. 잭슨', '앨리슨 제니', '엘라 퍼넬', '주디 덴치', '킴 디킨스', '크리스 오다우드']"
283,적벽대전 2 : 최후의 결전,"['양조위', '금성무', '장풍의', '장첸', '자오웨이', '후준', '나카무라 시도', '린즈링']"
284,지.아이.조 : 전쟁의 서막,"['채닝 테이텀', '데니스 퀘이드', '이병헌', '조셉 고든 레빗', '시에나 밀러', '레이첼 니콜스', '크리스토퍼 에클리스턴', '레이 파크', '아데웰 아킨누오예 아바제', '아놀드 보슬로', '말론 웨이언스', '조나단 프라이스', '세이드 타그마오우이']"
285,타이탄,"['샘 워싱턴', '리암 니슨', '레이프 파인즈', '알렉사 다바로스', '젬마 아터튼']"
286,소원,"['설경구', '엄지원', '이레']"
287,살인자의 기억법,"['설경구', '김남길', '설현', '오달수']"
288,브레이킹 던 part2,"['크리스틴 스튜어트', '로버트 패틴슨', '테일러 로트너', '다코타 패닝', '애슐리 그린', '매기 그레이스']"
289,탐정 : 더 비기닝,"['권상우', '성동일']"
290,미니언즈,"['스티브 카렐', '타라지 P. 헨슨', '양자경', '루시 로리스', '장 끌로드 반담']"
291,후궁 : 제왕의 첩,"['조여정', '김동욱', '김민준']"
292,트랜스포머: 최후의 기사,"['마크 월버그', '안소니 홉킨스', '로라 하드독', '조쉬 더하멜']"
293,제이슨 본,"['맷 데이먼', '알리시아 비칸데르', '뱅상 카셀', '줄리아 스타일스', '토미 리 존스']"
294,드래곤 길들이기,"['제이 바루첼', '아메리카 페레라', '케이트 블란쳇', '키트 해링턴', '크레이그 퍼거슨', 'F. 머레이 아브라함']"
295,지금 만나러 갑니다,"['소지섭', '손예진']"
296,도리를 찾아서,"['엘런 드제너러스', '앨버트 브룩스', '에드 오닐', '케이틀린 올슨', '헤이든 롤렌스', '이드리스 엘바', '도미닉 웨스트', '다이안 키튼']"
297,위험한 상견례,"['진세연', '홍종현', '신정근', '전수경', '김응수']"
298,아수라,"['정우성', '황정민', '주지훈', '곽도원']"
299,굿모닝 프레지던트,"['이순재', '장동건', '고두심', '임하룡', '한채영']"
300,음란서생,"['한석규', '이범수', '김민정']"
301,보안관,"['이성민', '조진웅', '김성균']"
302,내 머리 속의 지우개,"['정우성', '손예진']"
303,기술자들,"['김우빈', '김영철', '고창석', '이현우', '조윤희', '임주환']"
304,퍼시픽 림,"['존 보예가', '스콧 이스트우드']"
305,내 생애 가장 아름다운 일주일,"['주현', '오미희', '천호진', '진태현', '엄정화', '황정민', '김수로', '전혜진', '임창정', '서영희', '윤진서', '정경호', '이병준', '김유정']"
306,엑스맨: 퍼스트 클래스,"['제임스 맥어보이', '마이클 패스벤더', '케빈 베이컨', '제니퍼 로렌스', '재뉴어리 존스']"
307,정글북,[]
308,해리포터와 아즈카반의 죄수,"['다니엘 래드클리프', '엠마 왓슨', '루퍼트 그린트']"
309,목격자,"['이성민', '김상호', '진경', '곽시양']"
310,패션 오브 크라이스트,['제임스 카비젤']
311,마이펫의 이중생활,"['패튼 오스왈트', '케빈 하트', '제니 슬레이트', '에릭 스톤스트릿', '티파니 해디쉬', '레이크 벨', '해리슨 포드']"
312,증인,"['정우성', '김향기']"
313,조작된 도시,"['지창욱', '심은경', '안재홍']"
314,"나니아 연대기-사자,마녀 그리고 옷장","['조지 헨리', '윌리암 모즐리', '스캔다 케인즈', '안나 팝플웰', '틸다 스윈튼', '리암 니슨']"
315,우리 형,[]
316,박수칠 때 떠나라,"['차승원', '신하균']"
317,반창꼬,"['고수', '한효주']"
318,블랙머니,"['루크 고스', '발 킬머']"
319,보스 베이비,"['조지 로페즈', '조디 벤슨', '케빈 마이클 리처드슨', '피어스 가뇽', '레이 체이스', '호프 레비']"
320,화차,"['이선균', '김민희', '조성하']"
321,이웃사람,"['김윤진', '마동석', '천호진', '김성균', '김새론', '임하룡', '장영남', '도지한']"
322,광식이 동생 광태,"['김주혁', '봉태규', '이요원', '김아중', '정경호']"
323,조선명탐정: 흡혈괴마의 비밀,"['김명민', '오달수', '김지원']"
324,재심,"['정우', '강하늘', '김해숙']"
325,신비한 동물들과 그린델왈드의 범죄,"['에디 레드메인', '조니 뎁', '캐서린 워터스턴', '주드 로', '에즈라 밀러']"
326,터미네이터: 다크 페이트,"['맥켄지 데이비스', '아놀드 슈왈제네거', '린다 해밀턴', '나탈리아 레이즈', '가브리엘 루나']"
327,사바하,"['이정재', '박정민', '이재인', '유지태']"
328,의뢰인,"['수잔 서랜든', '토미 리 존스', '브래드 렌프로']"
329,화이: 괴물을 삼킨 아이,"['김윤석', '여진구', '조진웅', '장현성', '김성균', '박해준']"
330,테이큰,"['리암 니슨', '팜케 얀센', '매기 그레이스']"
331,007 스카이폴,"['다니엘 크레이그', '하비에르 바르뎀', '주디 덴치', '랄프 파인즈']"
332,스파이더맨 2,"['토비 맥과이어', '커스틴 던스트']"
333,가문의 영광4 - 가문의 수난,"['김수미', '신현준', '탁재훈', '임형준', '정준하', '현영']"
334,블라인드,"['요런 셀데슬라흐츠', '핼리너 레인', '카테리네 베르베케', '얀 데클레어']"
335,박열,"['이제훈', '최희서', '김인우']"
336,맨발의 기봉이,"['신현준', '김수미', '임하룡', '탁재훈', '김효진']"
337,바람의 파이터,['양동근']
338,작업의 정석,"['손예진', '송일국']"
339,미인도,"['진소춘', '주지', '학소문']"
340,라스트 갓파더,"['심형래', '하비 케이틀', '마이클 리스폴리', '제이슨 미웨스', '조셀린 도나휴']"
341,스파이,"['엘리어트 굴드', '도날드 서덜랜드']"
342,모아나,[]
343,테이큰 2,"['리암 니슨', '매기 그레이스', '팜케 얀센', '라드 세르베드지야']"
344,하녀,"['전도연', '이정재', '윤여정', '서우']"
345,메이즈 러너: 데스 큐어,"['딜런 오브라이언', '토마스 생스터', '카야 스코델라리오', '이기홍']"
346,"달콤, 살벌한 연인","['박용우', '최강희', '조은지']"
347,맘마미아!2,"['아만다 사이프리드', '릴리 제임스', '메릴 스트립', '피어스 브로스넌', '제레미 어바인', '콜린 퍼스', '휴 스키너', '스텔란 스카스가드', '조쉬 딜란']"
348,호빗: 스마우그의 폐허,"['마틴 프리먼', '이안 맥켈런', '리처드 아미티지', '케이트 블란쳇', '올랜도 블룸', '크리스토퍼 리', '앤디 서키스', '휴고 위빙', '베네딕트 컴버배치', '루크 에반스', '에반젤린 릴리']"
349,나잇&데이,"['루이스 산 안드레스', '가브리엘 월쉬', '조시 페레즈', '헨더슨 포사이스', 'J.C. 퀸', '라자로 페레즈', '데이비드 마굴리스', '잭 홀랜더', '존 바소로미우 터커', '존 링', '프레디의 피자가게', '헝거게임: 노래하는 새와 뱀의 발라드', '더 마블스', '그대들은 어떻게 살 것인가', '다크 나이트', '소년들', '여귀교- 저주를 부르는 게임', '30일', '더 와일드: 야수들의 전쟁', '비투비 타임 : 비투게더 더 무비']"
350,혈의 누,"['차승원', '박용우', '지성']"
351,컨저링,['메건 퍼비스']
352,슈렉 포에버,"['마이크 마이어스', '에디 머피', '카메론 디아즈', '안토니오 반데라스']"
353,극락도 살인사건,"['박해일', '박솔미', '성지루']"
354,이글 아이,"['샤이아 라보프', '미셸 모나한']"
355,배트맨 대 슈퍼맨: 저스티스의 시작,"['헨리 카빌', '벤 애플렉', '에이미 아담스', '로렌스 피시번', '제시 아이젠버그', '제레미 아이언스', '홀리 헌터', '갤 가돗', '로렌 코핸', '제프리 딘 모건', '제이슨 모모아', '에즈라 밀러', '다이안 레인']"
356,레디 플레이어 원,"['마크 라이런스', '사이먼 페그', '올리비아 쿡', '타이 쉐리던', '벤 멘델슨', 'T.J. 밀러']"
357,배틀쉽,[]
358,셜록홈즈 : 그림자 게임,"['로버트 다우니 주니어', '주드 로']"
359,박쥐,"['송강호', '김옥빈']"
360,7광구,"['하지원', '안성기', '오지호', '박철민', '송새벽']"
361,타짜: 원 아이드 잭,"['박정민', '류승범', '최유화']"
362,어거스트 러쉬,"['프레디 하이모어', '조나단 리스 마이어스', '케리 러셀', '로빈 윌리엄스']"
363,나는 전설이다,['윌 스미스']
364,포세이돈,"['조쉬 루카스', '커트 러셀', '리차드 드레이퓨즈']"
365,셜록 홈즈,"['로버트 다우니 주니어', '주드 로', '레이첼 맥아덤즈', '마크 스트롱']"
366,007 퀀텀 오브 솔러스,"['다니엘 크레이그', '올가 쿠릴렌코', '마티유 아말릭', '주디 덴치']"
367,내 여자친구를 소개합니다,[]
368,마당을 나온 암탉,"['문소리', '유승호', '최민식', '박철민', '김상현']"
369,댄서의 순정,"['문근영', '박건형']"
370,악의 연대기,"['이설구', '박재훈', '박태산', '송보은', '조운']"
371,강남 1970,"['이민호', '김래원', '정진영']"
372,바르게 살자,"['정재영', '손병호']"
373,늑대의 유혹,"['조한선', '강동원', '이청아']"
374,이상한 나라의 앨리스,"['조니 뎁', '앤 해서웨이', '헬레나 본햄 카터', '크리스핀 글로버', '미아 와시코브스카']"
375,맨 오브 스틸,"['헨리 카빌', '에이미 아담스', '러셀 크로우', '케빈 코스트너', '다이안 레인', '마이클 섀넌', '안체 트라우', '아예렛 주러']"
376,황해,"['하정우', '김윤석', '조성하']"
377,원더 우먼,"['갤 가돗', '크리스 파인']"
378,초능력자,"['강동원', '고수', '정은채']"
379,내 사랑 내 곁에,"['하지원', '김명민']"
380,신의 한 수: 귀수편,"['권상우', '김희원', '김성균']"
381,마이 웨이,"['장동건', '오다기리 죠', '판빙빙']"
382,겟 아웃,"['다니엘 칼루야', '앨리슨 윌리암스', '브래드리 휘트포드', '캐서린 키너']"
383,나의 사랑 나의 신부,"['조정석', '신민아']"
384,범죄의 재구성,"['박신양', '백윤식', '염정아', '이문식']"
385,사랑,"['유청운', '탕웨이', '진해로']"
386,세븐 데이즈,"['김윤진', '김미숙', '박희순']"
387,굿바이 싱글,"['김혜수', '마동석', '김현수']"
388,이클립스,"['크리스틴 스튜어트', '로버트 패틴슨', '테일러 로트너']"
389,사생결단,"['류승범', '황정민']"
390,엑스맨 : 최후의 전쟁,"['휴 잭맨', '할리 베리', '이안 맥켈런', '팜케 얀센', '안나 파킨', '켈시 그래머', '레베카 로미즌', '제임스 마스던', '숀 애쉬모어', '아론 스탠포드', '비니 존스', '패트릭 스튜어트']"
391,몽타주,"['엄정화', '김상경', '송영창']"
392,색즉시공 시즌2,"['임창정', '송지효']"
393,명당,"['조승우', '지성', '김성균', '문채원', '유재명', '박충선', '백윤식']"
394,논스톱,"['리암 니슨', '줄리안 무어', '미셀 도커리']"
395,내부자들: 디 오리지널,"['이병헌', '조승우', '백윤식']"
396,쩨쩨한 로맨스,"['이선균', '최강희']"
397,장화신은 고양이,"['안토니오 반데라스', '셀마 헤이엑', '올리비아 콜맨', '하비 길렌', '와그너 모라', '안토니 멘데즈', '존 멀레이니', '플로렌스 퓨', '더바인 조이 랜돌프', '레이 윈스턴', '크리스 밀러', '삼손 카요']"
398,인투 더 스톰,[]
399,로건,['휴 잭맨']
400,청춘만화,"['권상우', '김하늘']"
401,눈에는 눈 이에는 이,"['한석규', '차승원']"
402,뷰티 인사이드,"['한효주', '김대명', '도지한', '배성우', '박신혜', '이범수', '박서준', '김상호', '천우희', '우에노 주리', '이재준', '김민재', '이현우', '조달환', '이진욱']"
403,본 얼티메이텀,"['맷 데이먼', '줄리아 스타일스', '데이빗 스트라탄', '스콧 글렌', '패디 콘시딘', '에드가 라미레즈', '알버트 피니', '조안 알렌']"
404,혹성탈출: 종의 전쟁,"['앤디 서키스', '우디 해럴슨', '스티브 잔', '아미아 밀러']"
405,아라한 장풍대작전,"['류승범', '윤소이', '안성기']"
406,비열한 거리,"['조인성', '천호진', '남궁민', '이보영']"
407,봉이 김선달,"['유승호', '조재현', '고창석', '라미란', '시우민']"
408,노아,"['러셀 크로우', '제니퍼 코넬리', '엠마 왓슨', '안소니 홉킨스']"
409,레버넌트: 죽음에서 돌아온 자,"['레오나르도 디카프리오', '톰 하디', '도널 글리슨', '윌 폴터']"
410,오페라의 유령,"['제라드 버틀러', '에미 로섬']"
411,페르시아의 왕자: 시간의 모래,[]
412,박물관이 살아있다 2,[]
413,천문: 하늘에 묻는다,"['최민식', '한석규']"
414,테넷,"['존 데이비드 워싱턴', '로버트 패틴슨', '엘리자베스 데비키']"
415,시실리 2km,"['임창정', '권오중', '임은경', '변희봉']"
416,남자가 사랑할 때,"['황정민', '한혜진']"
417,효자동 이발사,"['송강호', '이재응', '문소리']"
418,루시,"['스칼릿 조핸슨', '모건 프리먼', '최민식', '애널리 팁튼']"
419,협상,"['손예진', '현빈']"
420,알리타: 배틀 엔젤,"['로사 살라자르', '크리스토프 왈츠', '키언 존슨', '마허샬라 알리', '제니퍼 코넬리']"
421,뉴 문,"['크리스틴 스튜어트', '로버트 패틴슨']"
422,천사와 악마,['톰 행크스']
423,애나벨 : 인형의 주인,"['스테파니 시그만', '탈리타 베이트먼', '앨리시아 벨라 베일리', '미란다 오토']"
424,가족,"['주현', '수애']"
425,컨저링 2,"['베라 파미가', '패트릭 윌슨', '프란카 포텐테', '프란시스 오코너', '매디슨 울프', '스털링 제린스']"
426,터보,"['라이언 레이놀즈', '폴 지아마티', '마이클 페나', '사무엘 L. 잭슨', '루이스 구즈만', '스눕 독']"
427,애자,"['최강희', '김영애']"
428,잠복근무,"['김선아', '공유', '남상미', '하정우']"
429,그림자 살인,"['황정민', '류덕환', '엄지원', '오달수']"
430,#살아있다,[]
431,내안의 그놈,"['진영', '박성웅', '라미란', '이수민', '이준혁', '김광규']"
432,수어사이드 스쿼드,"['마고 로비', '이드리스 엘바', '존 시나', '조엘 킨나만', '실베스터 스탤론', '비올라 데이비스']"
433,글러브,"['정재영', '유선', '강신일', '조진웅', '김미경']"
434,러브 액츄얼리,"['휴 그랜트', '리암 니슨', '콜린 퍼스', '로라 리니', '엠마 톰슨', '앨런 릭먼', '키이라 나이틀리', '마틴 맥커친', '빌 나이']"
435,라디오 스타,"['박중훈', '안성기']"
436,퍼시 잭슨과 번개 도둑,"['로건 레먼', '피어스 브로스넌', '우마 서먼', '숀 빈', '로사리오 도슨', '케빈 맥키드']"
437,해결사,"['이차노브 버릭', '비니 존스']"
438,"색, 계","['양조위', '탕웨이', '조안 첸', '왕리홍']"
439,연애의 온도,"['이민기', '김민희']"
440,아이들...,"['박용우', '류승룡', '성동일', '성지루', '김여진']"
441,마약왕,"['송강호', '조정석', '배두나']"
442,테이큰 3,"['리암 니슨', '팜케 얀센', '매기 그레이스']"
443,구세주,"['최성국', '이영은']"
444,코리아,"['하지원', '배두나']"
445,지.아이.조 2,[]
446,집으로 가는 길,"['전도연', '고수']"
447,악마를 보았다,"['이병헌', '최민식']"
448,바람피기 좋은 날,"['김혜수', '윤진서', '이종혁', '이민기']"
449,콘스탄틴,['키아누 리브스']
450,뺑반,"['공효진', '류준열', '조정석']"
451,흡혈형사 나도열,['김수로']
452,나의 PS 파트너,"['지성', '김아중']"
453,007 스펙터,"['다니엘 크레이그', '레아 세이두', '크리스토프 왈츠', '모니카 벨루치', '랄프 파인즈', '데이브 바티스타']"
454,변신,"['제미마 웨스트', '크리스토퍼 데인']"
455,차우,"['엄태웅', '정유미', '장항선', '윤제문', '박혁권']"
456,작전명 발키리,['톰 크루즈']
457,목포는 항구다,"['조재현', '차인표', '송선미']"
458,강철비2: 정상회담,"['정우성', '곽도원', '유연석', '앵거스 맥페이든']"
459,분노의 질주: 더 맥시멈,"['빈 디젤', '드웨인 존슨', '폴 워커', '루크 에반스', '미셸 로드리게즈', '성 강', '갤 가돗']"
460,아내가 결혼했다,"['손예진', '김주혁']"
461,저스티스 리그,"['벤 애플렉', '헨리 카빌', '갤 가돗', '제이슨 모모아', '에즈라 밀러', '레이 피셔']"
462,"아이, 로봇","['윌 스미스', '브리짓 모이나한', '브루스 그린우드', '제임스 크롬웰', '치 맥브라이드', '샤이아 라보프', '알란 터딕']"
463,벤자민 버튼의 시간은 거꾸로 간다,"['브래드 피트', '케이트 블란쳇']"
464,공범,"['손예진', '김갑수']"
465,수퍼맨 리턴즈,"['브랜든 라우스', '케이트 보스워스', '제임스 마스던', '프랭크 란젤라', '에바 마리 세인트', '파커 포시', '칼 펜', '샘 헌팅톤', '케빈 스페이시']"
466,나를 찾아줘,"['벤 애플렉', '로자먼드 파이크']"
467,대호,['최민식']
468,걸리버 여행기,"['잭 블랙', '제이슨 세걸', '에밀리 블런트', '아만다 피트']"
469,내셔널 트레져:비밀의 책,[]
470,주먹왕 랄프 2: 인터넷 속으로,"['존 C. 라일리', '사라 실버맨', '제인 린치', '잭 맥브레이어']"
471,거룩한 계보,"['정재영', '정준호', '류승룡', '민지환']"
472,이미테이션 게임,"['베네딕트 컴버배치', '키이라 나이틀리', '매튜 구드']"
473,전설의 주먹,"['황정민', '유준상', '이요원', '윤제문', '정웅인', '성지루']"
474,연애의 목적,"['박해일', '강혜정']"
475,제보자,"['박해일', '유연석', '이경영']"
476,악마는 프라다를 입는다,"['메릴 스트립', '앤 해서웨이', '스탠리 투치']"
477,씽,"['매튜 맥커너히', '리즈 위더스푼', '스칼릿 조핸슨', '태런 에저튼', '토리 켈리', '닉 크롤', '세스 맥팔레인']"
478,주먹이 운다(Crying Fist),[]
479,러브픽션,"['하정우', '공효진']"
480,스타워즈 에피소드3 - 시스의복수,"['이완 맥그리거', '나탈리 포트만', '헤이든 크리스텐슨', '이언 맥디어미드', '프랭크 오즈']"
481,킬러의 보디가드,"['라이언 레이놀즈', '사무엘 L. 잭슨', '셀마 헤이엑']"
482,언터처블: 1%의 우정,"['프랑수아 클루제', '오마 사이']"
483,담보,"['성동일', '하지원', '김희원', '박소이']"
484,평양성,[]
485,샌 안드레아스,"['알렉산드라 다드다리오', '드웨인 존슨', '칼라 구기노']"
486,파파로티,"['한석규', '이제훈', '오달수', '강소라', '조진웅', '이재용']"
487,밀양,"['전도연', '송강호']"
488,쥬만지: 새로운 세계,"['드웨인 존슨', '잭 블랙', '케빈 하트', '카렌 길런']"
489,쎄시봉,"['정우', '김윤석', '한효주', '김희애', '진구', '장현성', '강하늘', '조복래']"
490,님은 먼 곳에,"['수애', '정진영', '정경호', '주진모', '신현탁']"
491,토르: 천둥의 신,"['크리스 헴스워스', '나탈리 포트만', '톰 히들스턴', '안소니 홉킨스', '스텔란 스카스가드', '캣 데닝스']"
492,조폭마누라3,[]
493,불꽃처럼 나비처럼,"['조승우', '수애', '천호진', '최재웅']"
494,알포인트,"['감우성', '손병호', '박원상', '오태경']"
495,콩: 스컬 아일랜드,"['톰 히들스턴', '사무엘 L. 잭슨', '브리 라슨']"
496,점퍼,"['헤이든 크리스텐슨', '사무엘 L. 잭슨', '제이미 벨', '레이첼 빌슨', '다이안 레인']"
497,피끓는 청춘,"['박보영', '이종석', '이세영', '김영광']"
498,23 아이덴티티,"['제임스 맥어보이', '안야 테일러 조이']"
499,알렉산더,"['콜린 파렐', '안소니 홉킨스', '안젤리나 졸리', '발 킬머', '자레드 레토']"
500,PMC: 더 벙커,"['하정우', '이선균']"
501,마다가스카의 펭귄,"['베네딕트 컴버배치', '존 말코비치', '톰 맥그라스', '크리스 밀러', '크리스토퍼 나이츠', '켄 정']"
502,아이스 에이지 4: 대륙 이동설,"['존 레귀자모', '레이 로마노', '데니스 리어리', '퀸 라티파', '제니퍼 로페즈']"
503,공모자들,"['임창정', '최다니엘', '오달수', '조윤희']"
504,그대를 사랑합니다,"['이순재', '윤소정', '송재호', '김수미']"
505,임금님의 사건수첩,"['이선균', '안재홍']"
506,고死 : 피의 중간고사,"['이범수', '윤정희', '남규리', '김범']"
507,반 헬싱,"['휴 잭맨', '케이트 베킨세일']"
508,마다가스카3 : 이번엔 서커스다!,"['벤 스틸러', '데이빗 쉼머', '제이다 핀켓 스미스', '크리스 록', '프란시스 맥도맨드', '제시카 차스테인']"
509,걸캅스,"['라미란', '이성경']"
510,블랙 스완,"['나탈리 포트만', '뱅상 카셀', '밀라 쿠니스']"
511,분노의 질주: 언리미티드,"['빈 디젤', '폴 워커', '드웨인 존슨']"
512,마다가스카,"['로라 드 라 우즈', '호르헤 몰리나']"
513,권순분여사 납치사건,"['나문희', '강성진', '유해진', '유건']"
514,무방비도시,"['김명민', '손예진', '김해숙']"
515,우아한 거짓말,"['김희애', '고아성', '김유정', '김향기']"
516,하울링,"['송강호', '이나영']"
517,두근두근 내 인생,"['강동원', '송혜교', '조성목']"
518,복면달호,[]
519,사자,"['박서준', '안성기', '우도환']"
520,닥터 두리틀,['로버트 다우니 주니어']
521,스타트렉 다크니스,"['크리스 파인', '재커리 퀸토', '조 샐다나', '베네딕트 컴버배치', '칼 어번', '사이먼 페그', '안톤 옐친', '존 조', '앨리스 이브']"
522,창궐,"['현빈', '장동건']"
523,로빈 후드,"['러셀 크로우', '케이트 블란쳇', '막스 폰 시도우']"
524,더 폰,"['손현주', '엄지원', '배성우']"
525,성난황소,['로버트 드 니로']
526,300: 제국의 부활,"['에바 그린', '설리반 스탭플턴', '로드리고 산토로', '레나 헤디']"
527,간 큰 가족,"['감우성', '김수로', '신구', '김수미', '성지루', '신이']"
528,라이프 오브 파이,"['수라즈 샤르마', '이르판 칸']"
529,지구가 멈추는 날,"['키아누 리브스', '제니퍼 코넬리']"
530,적벽대전:거대한 전쟁의 시작,"['양조위', '금성무', '장풍의', '장첸', '자오웨이', '후준', '나카무라 시도', '린즈링']"
531,무적자,[]
532,삼진그룹 영어토익반,"['고아성', '이솜', '박혜수']"
533,원스어폰어타임,"['박용우', '이보영']"
534,위플래쉬,"['마일즈 텔러', 'J.K. 시몬스']"
535,범블비,"['헤일리 스테인펠드', '존 시나']"
536,야수와 미녀,"['류승범', '신민아']"
537,마파도2,"['이문식', '김지영', '여운계', '김을동', '김형자', '길해연', '이규한']"
538,도어락,"['공효진', '김예원', '김성오']"
539,해바라기,"['소피아 로렌', '마르첼로 마스트로야니', '루드밀라 사벨리에바']"
540,유감스러운 도시,"['정준호', '정웅인', '정운택', '박상민', '김상중']"
541,작전,[]
542,S 다이어리,['김선아']
543,중천,"['정우성', '김태희']"
544,정직한 후보,"['라미란', '김무열', '윤경호']"
545,도굴,"['이제훈', '조우진', '신혜선', '임원희']"
546,벼랑 위의 포뇨,"['나라 유리아', '도이 히로키', '야마구치 토모코']"
547,오블리비언,"['톰 크루즈', '모건 프리먼', '올가 쿠릴렌코']"
548,몬스터 호텔 2,"['아담 샌들러', '셀레나 고메즈', '케빈 제임스', '스티브 부세미']"
549,내사랑 싸가지,"['하지원', '김재원']"
550,엑소더스: 신들과 왕들,"['크리스찬 베일', '조엘 에저튼']"
551,퍼펙트 게임,"['조승우', '양동근', '최정원']"
552,드래곤 길들이기 3,"['제이 바루첼', '아메리카 페레라', '케이트 블란쳇', '키트 해링턴', '크레이그 퍼거슨', 'F. 머레이 아브라함']"
553,리틀 포레스트,"['김태리', '류준열', '문소리', '진기주']"
554,인디펜던스 데이 : 리써전스,"['빌 풀만', '리암 헴스워스', '제프 골드브럼', '비비카 A. 폭스', '제시 어셔', '조이 킹', '마이카 먼로', '샤를로뜨 갱스부르', '윌리암 피츠너']"
555,더 게임,"['신하균', '변희봉', '이혜영', '손현주', '이은성']"
556,B형 남자친구,"['이동건', '한지혜']"
557,토이 스토리 3,"['톰 행크스', '팀 알렌', '조앤 쿠삭']"
558,킹덤 오브 헤븐,"['올랜도 블룸', '에바 그린', '리암 니슨', '에드워드 노튼', '제레미 아이언스']"
559,나니아 연대기:캐스피언 왕자,"['벤 반스', '조지 헨리', '스캔다 케인즈', '윌리암 모즐리', '안나 팝플웰']"
560,어스,"['마이아 세스나', '난디타 다스']"
561,차이나타운,"['김혜수', '김고은', '엄태구']"
562,스윙키즈,"['로버트 숀 레오나드', '크리스찬 베일']"
563,부라더,"['마동석', '이동휘', '이하늬']"
564,해무(海霧),[]
565,브레이킹 던 part1,"['크리스틴 스튜어트', '로버트 패틴슨']"
566,브리짓 존스의 일기2 : 열정과 애정,"['르네 젤위거', '휴 그랜트', '콜린 퍼스']"
567,홀리데이,"['이성재', '최민수']"
568,각설탕,"['임수정', '박은수']"
569,위대한 개츠비,"['레오나르도 디카프리오', '캐리 멀리건', '토비 맥과이어', '조엘 에저튼', '아일라 피셔']"
570,말레피센트 2,"['안젤리나 졸리', '엘르 패닝', '미셸 파이퍼']"
571,인간중독,"['송승헌', '임지연', '조여정', '온주완']"
572,나의 특별한 형제,"['신하균', '이광수', '이솜']"
573,궁녀,"['박진희', '윤세아', '서영희', '임정은', '전혜진', '김성령']"
574,잃어버린 세계를 찾아서,"['브렌든 프레이저', '조쉬 허처슨']"
575,다이하드: 굿 데이 투 다이,"['브루스 윌리스', '제이 코트니', '메리 엘리자베스 윈스티드']"
576,주홍글씨,"['릴리안 거쉬', '라스 핸슨']"
577,탐정 홍길동: 사라진 마을,"['이제훈', '김성균']"
578,런닝맨,"['김서영', '엄상현', '권창욱', '김연우', '강시현', '전태열', '이인석', '정유정']"
579,연인,"['제인 마치', '양가휘']"
580,검은 집,"['루크 클레인탱크', '안소니 레이 페레즈', '알렉스 맥케나', '잭 워드']"
581,구르믈 버서난 달처럼,"['황정민', '차승원', '한지혜', '백성현']"
582,허브,"['강혜정', '배종옥', '정경호']"
583,위대한 쇼맨,"['휴 잭맨', '잭 에프론', '미셸 윌리엄스', '레베카 퍼거슨', '젠데이아 콜먼']"
584,예스맨,"['짐 캐리', '주이 디샤넬']"
585,벤허,['에드리언 보쳇']
586,말레피센트,"['안젤리나 졸리', '엘르 패닝', '미셸 파이퍼']"
587,라스트 에어벤더,"['노아 링어', '잭슨 라스본', '니콜라 펠츠', '데브 파텔']"
588,기억의 밤,"['강하늘', '김무열']"
589,골든슬럼버,[]
590,오션스 써틴,"['조지 클루니', '브래드 피트', '맷 데이먼', '알 파치노']"
591,역도산,"['설경구', '나카타니 미키']"
592,램페이지,"['드웨인 존슨', '제프리 딘 모건', '나오미 해리스', '말린 애커맨']"
593,내셔널 트레져,['니콜라스 케이지']
594,폼페이: 최후의 날,"['키트 해링턴', '에밀리 브라우닝', '키퍼 서덜랜드', '캐리 앤 모스']"
595,브이아이피,"['장동건', '김명민', '박희순', '이종석']"
596,찰리와 초콜릿 공장,['조니 뎁']
597,분홍신,"['김혜수', '김성수']"
598,특별시민,"['최민식', '곽도원', '심은경', '문소리', '라미란', '류혜영', '이기홍']"
599,퓨리,"['브래드 피트', '로건 레먼', '샤이아 라보프']"
600,포드 V 페라리,"['맷 데이먼', '크리스찬 베일']"
601,트와일라잇,"['폴 뉴먼', '수잔 서랜든', '진 핵크만']"
602,차형사,[]
603,은교,"['박해일', '김무열', '김고은']"
604,닌자 어쌔신,['정지훈']
605,궁합,"['심은경', '이승기']"
606,신들의 전쟁,[]
607,터미널,['톰 행크스']
608,오션스8,"['산드라 블록', '케이트 블란쳇', '앤 해서웨이', '민디 캘링', '사라 폴슨', '아콰피나', '리아나', '헬레나 본햄 카터']"
609,미스터 고,"['성동일', '서교']"
610,굿 다이노,"['레이몬드 오초아', '제프리 라이트', '프란시스 맥도맨드', '스티브 잔', '잭 브라이트', 'AJ 버클리', '안나 파킨', '샘 엘리어트', '마커스 스크리브너', '데이비드 보트']"
611,드라큘라: 전설의 시작,"['루크 에반스', '도미닉 쿠퍼', '찰스 댄스', '사라 가돈', '잭 맥고원']"
612,청담보살,"['박예진', '임창정']"
613,월ㆍE,"['벤 버트', '엘리사 나이트', '제프 갈린', '프레드 윌러드']"
614,사라진 밤,[]
615,싸움의 기술,"['백윤식', '재희']"
616,가디언즈 오브 갤럭시,"['크리스 프랫', '조 샐다나', '데이브 바티스타', '빈 디젤', '브래들리 쿠퍼']"
617,간첩,"['김명민', '염정아', '유해진', '변희봉', '정겨운']"
618,월드 인베이젼,"['아론 에크하트', '미셸 로드리게즈', '브리짓 모이나한', '레이먼 로드리게즈']"
619,영화는 영화다,"['소지섭', '강지환']"
620,에이리언: 커버넌트,"['마이클 패스벤더', '캐서린 워터스턴']"
621,만남의 광장,"['배그린', '박정민']"
622,장산범,[]
623,못말리는 결혼,"['김수미', '임채무', '유진', '하석진', '안연홍']"
624,엑스맨 탄생: 울버린,['휴 잭맨']
625,로맨틱 홀리데이,"['카메론 디아즈', '케이트 윈슬렛', '주드 로', '잭 블랙']"
626,최강로맨스,"['이동욱', '현영']"
627,셜록: 유령신부,"['베네딕트 컴버배치', '마틴 프리먼']"
628,킹콩을 들다,"['이범수', '조안']"
629,소스 코드,"['제이크 질렌할', '미셸 모나한']"
630,"달마야, 서울 가자","['신현준', '정진영']"
631,달콤한 인생,"['이병헌', '김영철', '신민아']"
632,황진이,"['송혜교', '유지태']"
633,이장과 군수,"['차승원', '유해진']"
634,클로젯,"['오타니 료헤이', '클라라']"
635,즐거운 인생,"['정진영', '김윤석', '김상호', '장근석']"
636,라스트 사무라이,['톰 크루즈']
637,미스터 소크라테스,"['김래원', '강신일', '이종혁', '윤태영']"
638,마다가스카 2,"['벤 스틸러', '크리스 록', '데이빗 쉼머', '제이다 핀켓 스미스']"
639,간기남,"['박희순', '박시연', '주상욱', '김정태', '이한위', '이광수']"
640,유열의 음악앨범,"['김고은', '정해인']"
641,신부수업,"['권상우', '하지원', '김인권']"
642,꿀벌대소동,"['제리 세인펠드', '르네 젤위거']"
643,행복,"['황정민', '임수정']"
644,나비효과,"['애쉬튼 커쳐', '에이미 스마트', '에릭 스톨츠', '윌리암 리 스콧', '엘든 헨슨']"
645,육혈포 강도단,"['나문희', '김수미', '김혜옥']"
646,천군,"['박중훈', '김승우', '황정민', '공효진']"
647,메리다와 마법의 숲,"['켈리 맥도날드', '빌리 코놀리', '엠마 톰슨']"
648,오케이 마담,"['엄정화', '박성웅', '이상윤', '배정남', '이선빈']"
649,심야의 F.M.,[]
650,특별수사: 사형수의 편지,"['김명민', '김상호', '성동일', '김영애', '김향기']"
651,찌라시: 위험한 소문,"['김강우', '정진영', '고창석', '박성웅']"
652,포비든 킹덤: 전설의 마스터를 찾아서,"['성룡', '이연걸', '마이클 안가라노', '유역비']"
653,토탈 리콜,"['콜린 파렐', '케이트 베킨세일', '제시카 비엘', '브라이언 크랜스톤']"
654,킹 아더,[]
655,결혼전야,"['김강우', '김효진', '이연희', '택연', '마동석', '구잘 투르수노바', '이희준', '고준희', '주지훈']"
656,해치지않아,"['안재홍', '강소라', '박영규', '김성오', '전여빈', '박혁권']"
657,레지던트 이블 4: 끝나지 않은 전쟁 3D,['밀라 요보비치']
658,엘리시움,"['맷 데이먼', '조디 포스터', '샬토 코플리']"
659,악녀,"['김옥빈', '신하균', '성준', '김서형', '조은지']"
660,인사동 스캔들,[]
661,깡철이,"['유아인', '김해숙']"
662,그녀를 믿지 마세요,"['김하늘', '강동원']"
663,형사 Duelist,"['하지원', '강동원', '안성기']"
664,시간이탈자,[]
665,몬스터 하우스,"['베키 지', '조쉬 펙', '올리비아 홀트']"
666,R2B: 리턴투베이스,"['비', '유준상', '신세경', '김성수', '이하나', '이종석', '정경호']"
667,해빙,"['조진웅', '신구', '김대명']"
668,더 웹툰: 예고살인,"['이시영', '엄기준']"
669,짝패,"['류승완', '정두홍', '이범수']"
670,파송송 계란탁,"['임창정', '이인성']"
671,몽정기2,"['이지훈', '강은비', '전혜빈', '박슬기', '신주아']"
672,생일,[]
673,바람 바람 바람,"['이성민', '신하균', '송지효', '이엘']"
674,나니아 연대기: 새벽 출정호의 항해,"['벤 반스', '조지 헨리', '윌 폴터', '스캔다 케인즈', '윌리암 모즐리', '안나 팝플웰']"
675,빅매치,"['이정재', '신하균', '이성민', '보아']"
676,"힘을 내요, 미스터 리","['차승원', '엄채영', '박해준']"
677,여선생 VS 여제자,"['염정아', '이세영', '이지훈']"
678,서양 골동 양과자점 앤티크,"['주지훈', '김재욱', '유아인', '최지호', '앤디 질렛']"
679,웜 바디스,"['니콜라스 홀트', '테레사 팔머', '존 말코비치']"
680,"당신, 거기 있어줄래요","['김윤석', '변요한', '채서진']"
681,동주,"['강하늘', '박정민', '김인우']"
682,돈의 맛,['이채담']
683,연애술사,"['박진희', '연정훈']"
684,워크래프트: 전쟁의 서막,"['트래비스 핌멜', '벤 포스터', '폴라 패튼', '도미닉 쿠퍼', '클랜시 브라운', '토비 켑벨']"
685,장수상회,"['박근형', '윤여정', '조진웅', '한지민']"
686,가문의 영광5 - 가문의 귀환,"['정준호', '김민정', '유동근', '성동일', '박상욱', '박근형', '윤두준', '왕석현', '유혜정', '김태환', '손나은', '황광희', '유민']"
687,슬로우 비디오,"['차태현', '남상미']"
688,항거:유관순 이야기,"['고아성', '김새벽', '김예은', '정하담', '류경수']"
689,스타트렉 비욘드,"['크리스 파인', '사이먼 페그', '조 샐다나', '재커리 퀸토', '칼 어번', '안톤 옐친', '존 조', '이드리스 엘바', '소피아 부텔라']"
690,인크레더블,"['크레이그 T. 넬슨', '사무엘 L. 잭슨', '홀리 헌터', '사라 보웰', '헉 밀너']"
691,미씽: 사라진 여자,"['엄지원', '공효진']"
692,잃어버린 세계를 찾아서 2: 신비의 섬,"['드웨인 존슨', '마이클 케인', '조쉬 허처슨', '바네사 허진스']"
693,퍼펙트맨,"['설경구', '조진웅']"
694,용서는 없다,"['설경구', '류승범', '한혜진']"
695,"안녕, 형아",['박지빈']
696,장사리 : 잊혀진 영웅들,"['김명민', '최민호', '김성철', '김인권', '곽시양']"
697,"10,000 BC","['스티븐 스트레이트', '카밀라 벨', '클리프 커티스']"
698,고령화 가족,"['박해일', '윤제문', '공효진', '윤여정', '진지희']"
699,김종욱 찾기,"['임수정', '공유']"
700,하루,"['김명민', '변요한', '유재명']"
701,헝거게임: 캣칭 파이어,"['제니퍼 로렌스', '조쉬 허처슨', '리암 헴스워스', '우디 해럴슨', '샘 클라플린', '필립 세이모어 호프만', '토비 존스', '지나 말론', '엘리자베스 뱅크스', '폴라 맬콤슨']"
702,슬럼독 밀리어네어,[]
703,성난 변호사,"['이선균', '김고은', '임원희']"
704,6년째 연애중,"['김하늘', '윤계상']"
705,아랑,"['송윤아', '이동욱']"
706,특수본,"['엄태웅', '주원', '정진영', '성동일', '이태임', '김정태']"
707,마이펫의 이중생활 2,"['패튼 오스왈트', '케빈 하트', '제니 슬레이트', '에릭 스톤스트릿', '티파니 해디쉬', '레이크 벨', '해리슨 포드']"
708,스타 트렉: 더 비기닝,"['크리스 파인', '재커리 퀸토']"
709,라이트 아웃,"['테레사 팔머', '앨리시아 벨라 베일리', '가브리엘 베이트먼', '알렉산더 디퍼시아']"
710,회사원,[]
711,간신,"['주지훈', '김강우', '천호진', '임지연', '이유영']"
712,령,"['김하늘', '류진']"
713,그 여자 작사 그 남자 작곡,"['드류 베리모어', '휴 그랜트']"
714,박물관이 살아있다 : 비밀의 무덤,[]
715,베스트셀러,['엄정화']
716,지금 사랑하는 사람과 살고 있습니까?,"['엄정화', '박용우', '이동건', '한채영']"
717,롱 리브 더 킹: 목포 영웅,"['김래원', '원진아', '진선규', '최귀화']"
718,007 카지노 로얄,"['다니엘 크레이그', '에바 그린']"
719,그때 그 사람들,[]
720,마루 밑 아리에티,"['시다 미라이', '카미키 류노스케', '미우라 토모카즈', '오타케 시노부', '키키 키린', '타케시타 케이코']"
721,내 남자의 로맨스,"['김정은', '김상경', '오승현']"
722,퍼시픽 림: 업라이징,"['존 보예가', '스콧 이스트우드']"
723,가디언즈,"['크리스 프랫', '조 샐다나', '데이브 바티스타', '빈 디젤', '브래들리 쿠퍼']"
724,더 울버린,['휴 잭맨']
725,섹스 앤 더 시티,"['사라 제시카 파커', '킴 캐트럴', '신시아 닉슨', '크리스틴 데이비스', '크리스 노스', '제니퍼 허드슨']"
726,몬스터 호텔 3,"['아담 샌들러', '셀레나 고메즈']"
727,블레이드 3,['웨슬리 스나입스']
728,오빠생각,"['임시완', '고아성']"
729,새드무비,"['정우성', '임수정', '차태현', '손태영', '염정아', '여진구', '신민아', '이기우', '김승철']"
730,노잉,['니콜라스 케이지']
731,"날, 보러와요","['강예원', '이상윤', '최진호']"
732,수상한 고객들,['류승범']
733,남극일기,"['송강호', '유지태']"
734,쥬만지: 넥스트 레벨,"['드웨인 존슨', '잭 블랙', '케빈 하트', '카렌 길런']"
735,빨간모자의 진실,"['앤 해서웨이', '글렌 클로즈']"
736,라따뚜이,"['패튼 오스왈트', '루 로마노']"
737,스텝업 2 : 더 스트리트,[]
738,업,"['에드워드 애스너', '조던 나가이', '크리스토퍼 플러머', '밥 피터슨']"
739,시크릿,"['리차드 기어', '수잔 서랜든', '팀 로스', '브릿 말링']"
740,그놈이다,"['주원', '유해진', '이유영']"
741,동창생,"['T.O.P', '한예리', '윤제문', '조성하', '김유정']"
742,슈퍼 배드,"['스티브 카렐', '크리스틴 위그', '트레이 파커']"
743,점박이:한반도의 공룡3D,"['이형석', '신용우', '구자형']"
744,삼국지:용의 부활,"['유덕화', '홍금보', '매기 큐']"
745,이프 온리,"['제니퍼 러브 휴잇', '폴 니콜스']"
746,파괴된 사나이,"['김명민', '엄기준', '박주미', '김소현', '이병준']"
747,지오스톰,"['제라드 버틀러', '짐 스터게스', '애비 코니쉬']"
748,오직 그대만,"['소지섭', '한효주']"
749,개구쟁이 스머프,"['맨디 파틴킨', '데미 로바토', '레인 윌슨', '조 맨가니엘로', '잭 맥브레이어']"
750,우아한 세계,['송강호']
751,김관장 대 김관장 대 김관장,"['신현준', '최성국', '권오중']"
752,데이지,"['전지현', '정우성', '이성재']"
753,에라곤,"['에드워드 스펠리어스', '제레미 아이언스']"
754,로그 원: 스타워즈 스토리,"['펠리시티 존스', '디에고 루나', '매즈 미켈슨', '리즈 아메드', '포레스트 휘태커', '견자단', '강문']"
755,야수,"['권상우', '유지태']"
756,본 레거시,"['제레미 레너', '에드워드 노튼', '레이첼 와이즈']"
757,밴티지 포인트,"['데니스 퀘이드', '매튜 폭스', '포레스트 휘태커', '브루스 맥길']"
758,향수 : 어느 살인자의 이야기,[]
759,더 넌,"['타이사 파미가', '보니 아론스', '조나스 블로켓', '안나 팝플웰', '스톰 레이드', '케이틀린 로즈 다우니']"
760,심장이 뛴다,"['김윤진', '박해일']"
761,셔터 아일랜드,"['레오나르도 디카프리오', '마크 러팔로']"
762,라푼젤,"['맨디 무어', '제커리 레비']"
763,존 윅 3: 파라벨룸,['키아누 리브스']
764,스카이스크래퍼,"['드웨인 존슨', '니브 캠벨']"
765,분신사바,"['강일연', '초준염']"
